{
 "k": 0.35911602209944754,
 "IMG_Y": 230,
 "flipL": {
  "piv": [
   338,
   1018
  ],
  "S": 280,
  "restAng": 0.2281026282799428
 },
 "flipR": {
  "piv": [
   620,
   1018
  ],
  "S": 280,
  "restAng": 2.9134900253098506
 },
 "bumps": [
  {
   "c": [
    538,
    246
   ],
   "S": 132
  },
  {
   "c": [
    426,
    319
   ],
   "S": 132
  },
  {
   "c": [
    649,
    327
   ],
   "S": 132
  }
 ],
 "plunger": {
  "x0": 950,
  "y0": 995,
  "w": 65,
  "h": 350
 }
}