{
 "k": 0.35911602209944754,
 "IMG_Y": 230,
 "flipL": {
  "piv": [
   340,
   1011
  ],
  "S": 278,
  "restAng": 0.21481540040165858
 },
 "flipR": {
  "piv": [
   618,
   1011
  ],
  "S": 278,
  "restAng": 2.926777253188135
 },
 "bumps": [
  {
   "c": [
    538,
    246
   ],
   "S": 132
  },
  {
   "c": [
    426,
    319
   ],
   "S": 132
  },
  {
   "c": [
    649,
    327
   ],
   "S": 132
  }
 ],
 "plunger": {
  "x0": 950,
  "y0": 995,
  "w": 65,
  "h": 350
 }
}